'  <interface name="com.deepin.dde.ControlCenter">\n'
 '    <property name="ShowInRight" type="b" access="read"/>\n'
 '    <property name="Rect" type="(iiii)" access="read">\n'
 '      <annotation name="org.qtproject.QtDBus.QtTypeName" value="QRect"/>\n'
 '    </property>\n'
 '    <signal name="rectChanged">\n'
 '      <arg name="rect" type="(iiii)" direction="out"/>\n'
 '      <annotation name="org.qtproject.QtDBus.QtTypeName.Out0" '
 'value="QRect"/>\n'
 '    </signal>\n'
 '    <method name="Hide">\n'
 '    </method>\n'
 '    <method name="HideImmediately">\n'
 '    </method>\n'
 '    <method name="Show">\n'
 '    </method>\n'
 '    <method name="ShowImmediately">\n'
 '    </method>\n'
 '    <method name="ShowHome">\n'
 '    </method>\n'
 '    <method name="ShowModule">\n'
 '      <arg name="name" type="s" direction="in"/>\n'
 '    </method>\n'
 '    <method name="SetAutoHide">\n'
 '      <arg name="autoHide" type="b" direction="in"/>\n'
 '    </method>\n'
 '    <method name="Toggle">\n'
 '    </method>\n'
 '    <method name="ToggleInLeft">\n'
 '    </method>\n'
 '    <method name="isNetworkCanShowPassword">\n'
 '      <arg type="b" direction="out"/>\n'
 '    </method>\n'
 '  </interface>\n'
 '  <interface name="org.freedesktop.DBus.Properties">\n'
 '    <method name="Get">\n'
 '      <arg name="interface_name" type="s" direction="in"/>\n'
 '      <arg name="property_name" type="s" direction="in"/>\n'
 '      <arg name="value" type="v" direction="out"/>\n'
 '    </method>\n'
 '    <method name="Set">\n'
 '      <arg name="interface_name" type="s" direction="in"/>\n'
 '      <arg name="property_name" type="s" direction="in"/>\n'
 '      <arg name="value" type="v" direction="in"/>\n'
 '    </method>\n'
 '    <method name="GetAll">\n'
 '      <arg name="interface_name" type="s" direction="in"/>\n'
 '      <arg name="values" type="a{sv}" direction="out"/>\n'
 '      <annotation name="org.qtproject.QtDBus.QtTypeName.Out0" '
 'value="QVariantMap"/>\n'
 '    </method>\n'
 '    <signal name="PropertiesChanged">\n'
 '      <arg name="interface_name" type="s" direction="out"/>\n'
 '      <arg name="changed_properties" type="a{sv}" direction="out"/>\n'
 '      <annotation name="org.qtproject.QtDBus.QtTypeName.Out1" '
 'value="QVariantMap"/>\n'
 '      <arg name="invalidated_properties" type="as" direction="out"/>\n'
 '    </signal>\n'
 '  </interface>\n'
 '  <interface name="org.freedesktop.DBus.Introspectable">\n'
 '    <method name="Introspect">\n'
 '      <arg name="xml_data" type="s" direction="out"/>\n'
 '    </method>\n'
 '  </interface>\n'
 '  <interface name="org.freedesktop.DBus.Peer">\n'
 '    <method name="Ping"/>\n'
 '    <method name="GetMachineId">\n'
 '      <arg name="machine_uuid" type="s" direction="out"/>\n'
 '    </method>\n'
 '  </interface>\n'